username,email,password,customer_id
ihunnicot0,pbattista0@canalblog.com,yr5UTI,354
caudsley1,cmeiklem1@ebay.com,IuXSmT,377
spaolo2,jmueller2@state.tx.us,5E5UuxjG6,814
bhaselden3,jida3@paginegialle.it,iIyl2qy,483
dlumsdall4,tfricker4@instagram.com,YUlfQuL,597
ksomerfield5,csannes5@globo.com,IhSEWA7s3HGG,244
msargant6,jhrinchishin6@google.pl,oEUCLcSlr7,847
ddonne7,aburger7@microsoft.com,hqfrIBq,598
jprobetts8,aheinecke8@discuz.net,EfYIxskT,950
lboddis9,stropman9@nymag.com,2HEVjhIHd,687
jarmora,lriddlesa@amazon.co.uk,eAE9Wm7,445
ycordeyb,amerryweatherb@nba.com,3yvNdnfa2DF,870
sbaulchc,tshephardc@gnu.org,0Ol2kTWH0,669
bquantrelld,kbrinklerd@zimbio.com,qtJ1MNgjhtNF,3
grosendahle,asoppe@squarespace.com,ume7E9uAOxV,786
bfrazerf,bivanenkovf@soundcloud.com,XCxOa6EgjsU,146
gwilsteadg,jfranschinig@google.co.jp,mEUbdHHUI,595
rgobbeth,dchildeh@state.tx.us,Y3tKdRw,692
nvampouillei,apicotti@foxnews.com,mCA4wCHquh,604
tweatherupj,nleafj@vkontakte.ru,MKToDYi,278
dneevesk,clammingk@jimdo.com,bpe7Z8HG,89
aconrartl,nastmanl@ifeng.com,Y7kf1s,368
ckrugmannm,mcrosslandm@umn.edu,iE3Bct,75
awykesn,hduffern@timesonline.co.uk,M2pIGZ,60
wcherrymano,aoffino@economist.com,c1VJAslY,194
hhalwillp,jchataignierp@toplist.cz,FQRx53r3wZvC,24
whagardq,kwainmanq@g.co,lcGhtZvtwxk,174
wmeuser,cchampnissr@seattletimes.com,mEhM9u6YHl,606
fbeazeys,gmallams@google.fr,Pw6OFzFM5,736
dkleislet,noaktont@europa.eu,oO7aZT254ENj,121
dmcelroyu,wdacku@walmart.com,w1ypdwY8em0J,671
cpittetv,kghidettiv@wordpress.org,XCW3aFd,262
votoweyw,ghendrickw@flavors.me,VUHtihmoB1d,471
ltanfieldx,mkasselx@pen.io,rY3KqFN8,879
jdepkay,vpoliny@mediafire.com,SxFoZvkote,896
jpendleberyz,bprynz@apache.org,iizxx5,237
gsholl10,hdyas10@auda.org.au,0gIDQt,852
hsamter11,lfriedank11@redcross.org,NxjiSmZOfed,324
blongman12,gwayne12@acquirethisname.com,nnHH0IBUUTUL,727
kmacfadzean13,mwhitchurch13@oaic.gov.au,Mh6lIo8VZ,227
lokeenan14,cgoldring14@ezinearticles.com,UAtRY0,560
shucker15,ahitzke15@domainmarket.com,G0FxIgZK7s,101
cdossettor16,bcallander16@youtube.com,swt9t8j7LlpN,625
tmerrall17,wjacox17@i2i.jp,D9TkkCB883op,659
cducket18,dmosco18@tamu.edu,cKxTgsEKvr,635
dgodwyn19,lhartwell19@bigcartel.com,k1DvTAbV6y,352
gdorman1a,wfransman1a@networksolutions.com,JUgl5k,31
irussi1b,ecridge1b@hugedomains.com,24BJUI3,42
fepine1c,dketteman1c@dailymotion.com,2wFU3xS4h,562
gstrivens1d,mgrigoletti1d@ibm.com,tKoNDLK3r,213
mfranssen1e,kcleveley1e@arizona.edu,Cdk2ndFQ,251
pezzy1f,dnormand1f@wikia.com,c3UuLLGgXMg,703
gpiell1g,strenholme1g@si.edu,UYV0ZTs,932
ajeacock1h,ktoolin1h@bloomberg.com,1pgmhkQiCN0D,908
ibleddon1i,iaguirrezabal1i@wisc.edu,ltQVewteHN,572
eoleary1j,gflea1j@hibu.com,8JRcW0M,879
amassei1k,whamlin1k@123-reg.co.uk,UlREPwqGIn,820
ltrimming1l,caleveque1l@yellowbook.com,AsdNlGJycT,62
amuckian1m,gsixsmith1m@nature.com,XShQwHPZ3bBX,402
zbedborough1n,shovell1n@reference.com,C0YouqjJ,62
cackers1o,okeattch1o@google.com.br,GyMT84ijwmV,247
nharwick1p,vslipper1p@about.com,mN4EqBEi,38
aairlie1q,croycroft1q@csmonitor.com,octMdbzVnNT,458
iweinham1r,bdorken1r@purevolume.com,TSE3hQ8J,746
ewickstead1s,wgaylord1s@mail.ru,JP1bDF6Sxtse,374
hcurrington1t,ifrotton1t@tripadvisor.com,Bljcj1s,795
ironci1u,fmeenehan1u@craigslist.org,NDPeAgfc,922
nbasey1v,bgorler1v@forbes.com,at1O2R,859
hriddoch1w,rguitte1w@marriott.com,UuJDOdVE4cVq,39
cgiannoni1x,sallcott1x@cornell.edu,o2lO1eugfprf,338
fmellonby1y,lhewkin1y@statcounter.com,AyER6kIG,80
rmahaffey1z,tcrooks1z@businessweek.com,P4Q5OILxW,166
lsambrook20,csoutherell20@wisc.edu,OodcjX1ySw5,628
bcrowcum21,afendley21@scientificamerican.com,kuvmXgHM,38
snock22,jbentsen22@webmd.com,DkG2qI2iB,706
lfrowen23,dlathleiffure23@psu.edu,Fj1Sjs3,91
kleall24,jferens24@apple.com,P5tkd9Z,531
bphettiplace25,omaxstead25@facebook.com,Y9W1HoyIMLA,242
brounsefull26,dbabon26@paginegialle.it,v1wlSpzsjV,605
vloveland27,ntingey27@constantcontact.com,6vUfl1xO,276
aritchard28,jmoreman28@plala.or.jp,sBvckXf,90
msimms29,mchadwen29@wufoo.com,aJi8WZTt,137
clethby2a,bbroomhead2a@columbia.edu,MJcusj9eRFUK,174
hdinneen2b,ejankowski2b@sitemeter.com,t5AsUZp0o,147
elinfitt2c,vagnew2c@google.nl,eOtI1u1d,420
dcollington2d,afairley2d@icio.us,IeBR1IvIEs,117
lpriter2e,upanton2e@samsung.com,GODRP2akfE,899
vklimushev2f,cdreghorn2f@bbb.org,jt3p22wYk,895
lgracewood2g,rfear2g@craigslist.org,gdnodhNBVC8,211
eweatherell2h,astolze2h@google.it,UMp9MM4Fd,322
kdignum2i,gpiens2i@issuu.com,rIh1d3BkoSC,414
hcalifornia2j,kerdes2j@ycombinator.com,XxOlRoi,452
sdragoe2k,scanellas2k@aol.com,zCvKHKZ0ct,166
rmaudling2l,aaldwich2l@themeforest.net,NMImFTzJZ,746
tdyhouse2m,arippingale2m@discovery.com,UCXxqTGWzo,135
pbaroche2n,mbazek2n@businessinsider.com,Emkppl,248
sbockh2o,adeny2o@wired.com,48VQBC780,199
ctedder2p,mcrann2p@geocities.com,buIcV4gGNc,447
wdeering2q,dnolton2q@rakuten.co.jp,Kx0L2ws,839
phancill2r,tcarss2r@admin.ch,hEV1nx,430
pmarques2s,cgiveen2s@trellian.com,FB4ThPIBAr,380
rbangley2t,hreynoldson2t@blogger.com,fa6UjYsINPpg,42
ccaslane2u,thudghton2u@example.com,kika6I,801
wmerrikin2v,smckleod2v@baidu.com,1H07Vlq,333
cjupp2w,jhendin2w@foxnews.com,ADadrTU,843
klangdon2x,cbiddell2x@t.co,MTk9qeZT,937
llehrian2y,gshambroke2y@vkontakte.ru,IrbG6pSrWQ,517
lbrazenor2z,owashbrook2z@spiegel.de,gnCrtqx,641
dswansborough30,gchristopher30@hostgator.com,6zko5VA,392
bholah31,cmcdade31@samsung.com,vHmIEH6G,540
ncampe32,leddicott32@nydailynews.com,JN5OqqmtjKW,249
nbortoluzzi33,lbuckles33@flavors.me,lOHJ0AF,812
kmccloud34,jpulley34@pbs.org,3pumil,8
derswell35,jlunt35@elegantthemes.com,b7k15U08re0,448
dpitkethly36,darnall36@foxnews.com,WfjMwThq10E,42
robert37,csalvatore37@de.vu,PDLEFvqkncI1,861
drodenburgh38,etedman38@youku.com,YFwJomup,92
lbennie39,lcuncliffe39@ask.com,nk4UTzI,533
amcgauhy3a,chayton3a@free.fr,WYxVYD,347
crein3b,bcornell3b@flickr.com,o4dnUPW,232
cvedstra3c,bdwyr3c@auda.org.au,yCK49j,927
pinstrell3d,obacop3d@msu.edu,sLhSQ5p,387
tohenery3e,cmaccart3e@infoseek.co.jp,fTybrUOj8KFW,585
mjeppensen3f,dledbury3f@businessweek.com,DwvdflBa1V,694
kbartolomivis3g,sharrold3g@washington.edu,S5WPvkMdf4,650
nscroyton3h,mharriday3h@state.tx.us,ZwGwmVCVit,948
ablose3i,rcragell3i@yahoo.co.jp,oGOJd2g08x,341
nwibberley3j,sbaskett3j@163.com,KTIRf00kNmO,111
hbroxholme3k,elathwell3k@reverbnation.com,SSEhDRHgCw,796
mwadly3l,lsteart3l@blog.com,4L8qe6c6rS,372
charry3m,erodie3m@usa.gov,FOF6Z7,208
edenzey3n,dgowans3n@1und1.de,bJ7SS6mgZ,625
fabramovic3o,kharborow3o@sogou.com,zqAPjqPjkSFh,837
echristmas3p,rgirkins3p@rakuten.co.jp,mMxUkJ30hi5r,627
fkubat3q,rdenison3q@howstuffworks.com,tg43sYAjMuhQ,309
mbagley3r,rdomesday3r@princeton.edu,0B0JUpKQGTTB,294
lwilfing3s,srender3s@wordpress.com,BhVUeTEd,905
fmcorkill3t,cangrock3t@about.me,EScgNnaDG99O,73
bbocken3u,wpuckey3u@ning.com,70RpafPxu,178
dtivnan3v,ahaythorne3v@reverbnation.com,mxNwmLaDd,525
dpennaman3w,mkneeland3w@e-recht24.de,bcmtpbjAJ,444
bgarioch3x,commanney3x@vimeo.com,N4v5MKA0QY,663
lskacel3y,azywicki3y@hostgator.com,DnLWnc,167
mdeath3z,acanada3z@tmall.com,JjByQvJ,60
oaldhous40,aspradbery40@rambler.ru,qjrMl6nYH0m,856
khandke41,jpeschke41@macromedia.com,M4DRjABEP2C,330
ccrangle42,slinge42@networkadvertising.org,ZSesNj,211
cshimwall43,cnairn43@uol.com.br,AGm4k7,698
ayeskin44,bevamy44@twitter.com,Hh0x6K4kf6,501
sturnbull45,feam45@addthis.com,1N9tOCVjDf4,848
hochterlonie46,ecollinson46@indiegogo.com,zzi0VQyLW35b,782
glabbez47,pfieldsend47@mlb.com,6mDOTGjWEGU,511
pilden48,jgras48@nbcnews.com,DoPcffbV9x,64
lthurley49,hadamson49@nsw.gov.au,ekpgCF,556
nmoth4a,pmcgirr4a@forbes.com,hoJj1gVaz2,235
obraid4b,lhartburn4b@vk.com,SSLf2Sy5bVU,91
bburgyn4c,mottawell4c@wikispaces.com,vnDG0POOTV,287
cproschke4d,nalekhov4d@walmart.com,FBKpxl3xJM,587
fharmant4e,fsmyth4e@gnu.org,6Tqmy0ARXobW,465
iabramsky4f,hsharply4f@msn.com,t7x0YivyCrci,255
knewens4g,fjudgkins4g@paypal.com,aKtuVS,131
asweeten4h,mspoor4h@time.com,KTvczj7,839
sstruther4i,obeauchamp4i@disqus.com,Y7wPbh,200
abrymner4j,ounworth4j@hostgator.com,bPFsoEJTc5,771
pbalcers4k,kminot4k@surveymonkey.com,swO2km,800
erove4l,rmacrorie4l@chronoengine.com,S5iPp3MFTxcK,336
acollingham4m,tcases4m@bravesites.com,u0VOwbemRUog,473
wchichgar4n,cbodley4n@reference.com,Kvc1vTk,152
rluparti4o,tmacrannell4o@com.com,tfEr8zZ,663
hpittaway4p,hogavin4p@paginegialle.it,fA0EVe,870
kferenc4q,jemons4q@umn.edu,rpAR6nXOSiiI,582
swiles4r,schatfield4r@usatoday.com,yT0XiPZRF7,878
asergent4s,amacias4s@whitehouse.gov,jJLnVr,682
rwatsham4t,preach4t@ebay.com,Af1J6L,947
vsuddell4u,rbattams4u@drupal.org,uYQl46FJT,310
harnott4v,jgreener4v@macromedia.com,ikgk5I1wKRE,367
rroof4w,mvolonte4w@usatoday.com,oPOoav0v,389
anudde4x,alandsberg4x@seesaa.net,DnngSYY,97
hbegwell4y,jlidgett4y@geocities.jp,HlGxrN,399
bbrafferton4z,btomich4z@ifeng.com,Ns1vJPw8N,568
clarcier50,cscawton50@purevolume.com,bEl6CUoDtf0,383
wginley51,mstrowlger51@php.net,ImfZ3yv,507
hdeeman52,wandriolli52@berkeley.edu,zwu16apjzZD,702
aroughsedge53,ftumber53@scribd.com,sDmOdTt,244
ldearan54,fcaskie54@irs.gov,dHwZ1Pr,3
sfazzioli55,splayhill55@gmpg.org,qqHWwbq,8
bpyford56,jleaburn56@tamu.edu,zlktd3h5V,775
rdibble57,dgundrey57@eventbrite.com,6wVaj4,454
nmackieson58,mhardesty58@goo.gl,Q70H9Yg,375
msamet59,slawlings59@ask.com,ZMlsLxYBhg,639
ddoward5a,elanon5a@homestead.com,Rfw7mUP,508
bshawley5b,zpothergill5b@blogspot.com,nAhlaPPFFUY5,331
lfattore5c,rlaffling5c@multiply.com,5dleRg,505
kgellately5d,satkyns5d@addthis.com,OlysjbFt,830
croskelly5e,aenevold5e@blogs.com,r909bx,717
egrichukhanov5f,gida5f@shutterfly.com,7Oqdm0OzB,155
showes5g,hswalteridge5g@usatoday.com,3sCAwU,631
vderisley5h,mlindbergh5h@parallels.com,Fj2o9PP,273
abeaconsall5i,ehailwood5i@mayoclinic.com,w258JpGypBy,361
jmixworthy5j,dsterrick5j@bluehost.com,zvCesOe,57
cmagnar5k,cbanke5k@cnet.com,Kt71nFqgISv,905
dlowndesbrough5l,bgarton5l@furl.net,NbMeb8A7kS,156
cdunning5m,mbarensky5m@addtoany.com,sSxyJy3jT,35
bhughesdon5n,ysimmonds5n@aboutads.info,GPQTkqW,306
planghorn5o,glongthorn5o@blinklist.com,81OFPgl,468
njohns5p,cswindells5p@tinypic.com,42fSfJSdj,651
aasmus5q,fprandoni5q@eventbrite.com,op8Wzo,560
sferryman5r,lilyasov5r@rambler.ru,WBNMyXiKfBP,102
bbootes5s,hcalender5s@mlb.com,RY851Oaq8,311
tcreighton5t,mbridgen5t@odnoklassniki.ru,uVMoJdM073,74
tdunbleton5u,flandrick5u@tumblr.com,QAL9JXapV,927
cgomar5v,dfutter5v@etsy.com,btxKTsZH,44
cshevlan5w,rbeecroft5w@sakura.ne.jp,3GXhCoKeWbN1,324
eshillabeare5x,rbiggen5x@mac.com,2pMzbQRLzL,572
ccoushe5y,tfyers5y@spotify.com,edwOurS,41
scraythorne5z,bgostall5z@barnesandnoble.com,2HE1Nrj6smQ,734
ldelacote60,mbrager60@nyu.edu,VeJJ5pdUH,848
rdaughtrey61,vsommersett61@oakley.com,XrgetjpPCss,820
tpelcheur62,awalder62@sogou.com,d3QhMjv,222
ndhenin63,klumm63@artisteer.com,9gzBle47,252
bjosifovitz64,ljagoe64@last.fm,Bpw7jT6gMk,101
jpeter65,afennick65@alexa.com,GQ1AeIkNq,934
hscrimshire66,dgodin66@irs.gov,naAIrNFDREY6,295
lbarck67,icrimmins67@nationalgeographic.com,t4EV20,496
ccherrington68,mrambadt68@wordpress.com,WsOGZr,424
fjefferys69,cgreason69@studiopress.com,VSBO01utcr2,552
arostron6a,smerton6a@whitehouse.gov,aJ11DkX,573
hfairbourn6b,jwoodberry6b@bluehost.com,NjsMODwotT,275
cvasyukhnov6c,cderry6c@sciencedaily.com,OCItcye,92
abrim6d,wroo6d@theguardian.com,XcQ5tRnP3,635
dchamney6e,ecoughlin6e@icio.us,yt7oyr,841
mberndtssen6f,coronan6f@independent.co.uk,GI7tdS2ohaK,163
dhuske6g,hpennaman6g@huffingtonpost.com,WF1fi37nsS,387
jbiddle6h,tkorneluk6h@taobao.com,qAslD6RantZ,401
ffranies6i,jwincom6i@people.com.cn,XcnvWdeO9e,201
enayer6j,lphilliphs6j@aboutads.info,U12bCIj,289
rbendixen6k,dyeomans6k@illinois.edu,KOWpnNfw2v,92
wcorsar6l,sgrovier6l@illinois.edu,G6K2RUGhgfZ,234
mlicciardi6m,hsherrard6m@youku.com,XDSoPh,678
fnucciotti6n,gsandwich6n@netvibes.com,G2hdMGWyow,852
pbosse6o,aboldero6o@wp.com,c7RNIpXw,871
pcalven6p,dconradie6p@sohu.com,mdQOdiQY,302
arubenfeld6q,rmingauld6q@tripadvisor.com,S21w6Pmd6a,830
kgeeve6r,civatt6r@cnn.com,JzGWwrzyIL1,43
glarking6s,tbridden6s@acquirethisname.com,VJcd93BV,547
pcheasman6t,bcollyer6t@posterous.com,oLlIasfIiNS,441
nmuckian6u,nbywater6u@free.fr,mlU7Q612rGJ,287
drainsden6v,cmcasgill6v@wufoo.com,i2ZF0F54,573
tauton6w,jdignall6w@usgs.gov,DcnP5fOrkT,854
tounsworth6x,dburberow6x@1688.com,PorHJTks,756
hpinshon6y,agalland6y@imdb.com,BnKvdxVHMw7k,719
hpluvier6z,ipykett6z@sciencedirect.com,0axQKzRL,893
cneighbour70,kchivrall70@netvibes.com,pYkHXCd,855
cguilloux71,jmoseley71@t.co,5N7eRxI,741
ddightham72,mroyle72@livejournal.com,de6W4g9,5
karchbutt73,vscimone73@hibu.com,USqteBH5eEaM,509
dmanders74,wmaddams74@examiner.com,G9aMnH,533
thowselee75,dsneesby75@ihg.com,SVpFx0rB04G,447
ksaladin76,wfiander76@issuu.com,vhmfARTEg,272
wgelderd77,cmacgee77@stanford.edu,QRLC0t,648
blaetham78,blytle78@ebay.co.uk,HbTxlvC1Yjh1,743
kstringman79,kadenet79@scribd.com,6VsJhqgeo89D,397
fskein7a,hbeagles7a@printfriendly.com,5aR1n4tUVYB,59
aromayne7b,gsheach7b@shutterfly.com,EwgJE0ciroNP,489
tpauwel7c,jpoizer7c@chronoengine.com,cNkIr1gXKlX,356
awalework7d,rfoli7d@rediff.com,g3LUp875,630
nfrantzeni7e,epriddie7e@miibeian.gov.cn,PtpVbgSHzkyB,505
bgolde7f,cgatty7f@nsw.gov.au,DpGOQin,551
nternault7g,dhaslewood7g@cyberchimps.com,0uxhkM,820
ablackstone7h,cdeftie7h@hatena.ne.jp,HGoEf4MOaOtO,251
cbaume7i,pveighey7i@deviantart.com,tUokTrxuhV7q,531
fbowkett7j,nbowkley7j@washingtonpost.com,9phgDB9fpFQ,724
bleckie7k,hberg7k@elegantthemes.com,MvUYKT7Twiv,933
fjevon7l,hconradsen7l@forbes.com,E5lOfJk87Oka,947
mwoolston7m,gconaghy7m@tripod.com,73BxjVNBm4H2,457
bdedon7n,ssisnett7n@irs.gov,W6wjIGRL,751
hdrillot7o,akinvig7o@etsy.com,NhBBT3LViX,182
rmacsorley7p,mfergyson7p@skype.com,r9FSovOrXv5h,391
ttheze7q,scalton7q@1688.com,WzRohxopd9,129
aohoey7r,wwinteringham7r@boston.com,LH73UuWj,584
gbucher7s,mjohannesson7s@usgs.gov,mzroNV8MneGa,934
osummerbell7t,nmarjanski7t@lulu.com,GobGFI48X,836
afernie7u,tlangthorne7u@merriam-webster.com,i51wcSW,785
sbullimore7v,acrabbe7v@foxnews.com,xVFKF1P,70
ecastiglioni7w,ctabor7w@ed.gov,qdTYRMx0Fy,213
sleser7x,bbaribal7x@mozilla.org,GOWQq5,265
nbritland7y,gbigglestone7y@imdb.com,i3Jb8XwqaZ,879
dstockle7z,dhidderley7z@ucla.edu,Hw8nN6f82,488
rjewell80,cbucher80@symantec.com,EkCoCwkKpJH0,643
edonisi81,mtotterdill81@imageshack.us,tEqnPl1yC,759
vholleran82,ctopling82@ox.ac.uk,ZAMVvTgG0H,344
ohowley83,gchristy83@fc2.com,OghH6z5YfnQL,873
rkroon84,gdenty84@arstechnica.com,aVHgVt411QW,383
bpowley85,sdelaeglise85@tinyurl.com,FYzH62KAy,2
ebelbin86,jtuxell86@usda.gov,GbzuXxQkxF,949
gbert87,vhought87@barnesandnoble.com,jHBCD5Zz,789
nfarndon88,jfeaveryear88@cloudflare.com,jgc7LpeH,466
skohring89,kverrier89@jalbum.net,JEFL4p,597
dspadari8a,ahacket8a@ca.gov,cRlRCWTrRlQ,13
dbasden8b,cwhittek8b@army.mil,UaKQQajiYPhw,490
blevins8c,lmckinstry8c@hubpages.com,gCxuBEx38uL,502
amoran8d,wagent8d@unesco.org,T4G3sU,247
klarking8e,lsteven8e@yale.edu,fXsbI9lM4,325
cdockreay8f,ltweed8f@sciencedaily.com,zhku3ff,447
wlammiman8g,eblaker8g@intel.com,MvRXdBzU,33
cbennett8h,btourot8h@furl.net,r3NmTQ,366
clinskey8i,cbedin8i@gravatar.com,w53sWz,297
jnolin8j,pweathey8j@nih.gov,qy2HHT,62
doakhill8k,tperton8k@abc.net.au,p9jAkL,739
fheadon8l,nclewer8l@digg.com,T087oA1kXL,341
dphippin8m,rhawker8m@friendfeed.com,d5Bj06,346
rpena8n,rdeelay8n@webmd.com,HGExZZsdc1b,177
llerohan8o,ohamstead8o@mail.ru,YlE4uS0MCUr,225
aderrico8p,cemby8p@feedburner.com,DrGMcEZIpT4s,635
kluthwood8q,jmcalroy8q@noaa.gov,hJHsTnRVBXaw,81
avandenbroek8r,lenderson8r@lulu.com,Msjgn9G,432
acapewell8s,cbaguley8s@dion.ne.jp,6ICF7I0jfzpG,248
cberni8t,pupward8t@quantcast.com,pALfzNr0,725
msygroves8u,kbiskupski8u@ow.ly,gCzY5xFRX,269
gjoanic8v,apolini8v@netlog.com,9l8lLmxB,147
bterbrugge8w,tpaolazzi8w@fastcompany.com,xY9W5Y6ZsS,12
rheynen8x,sedel8x@studiopress.com,J4yYqvZD,264
vbirtwhistle8y,dpettis8y@vkontakte.ru,WjVZxnF2eO1,52
aollis8z,ckuhnt8z@bizjournals.com,IDDPI5Yd,135
jduffett90,kpiser90@joomla.org,SkJuqjxEG,600
ljuzek91,otenwick91@ca.gov,qiFyDYEoDzx,129
ascoggan92,npettigree92@ucsd.edu,N8Ux0MV,859
bgoodband93,aperdue93@tiny.cc,liH6PwwJ9,589
gscanderet94,aluggar94@paypal.com,oah06WE,632
fsalsberg95,plintall95@marriott.com,gO4a5iXLPCJ,650
cbrabham96,rwhitmore96@mtv.com,jq0CKBpPT,322
blocke97,hvaun97@yolasite.com,IR7TEb,341
hhunter98,cimmer98@parallels.com,h8pz0N,204
ngallon99,vconstant99@umich.edu,Bo9L7dug0VJq,899
alebbern9a,rskrines9a@de.vu,0VufvLVP,136
jreignould9b,rspaule9b@dmoz.org,eVTbg7aEsGb9,562
ithewless9c,edalyiel9c@theatlantic.com,miNZhxK,851
llynch9d,bwink9d@bigcartel.com,CC70qeU,50
gmerrell9e,cdoogan9e@prlog.org,J9j71GgcXH,531
akipping9f,csample9f@qq.com,ejbn9Z,741
ckures9g,fcraske9g@macromedia.com,avkwKFX39,713
bcud9h,upryde9h@economist.com,eSUXSogDRq,596
bginnelly9i,ycapey9i@behance.net,Msl5qn,113
dryding9j,edauncey9j@baidu.com,26LL1Ub2aNL,672
obackhouse9k,nmylechreest9k@pinterest.com,VmVnsPH,601
ecorrington9l,rgrabbam9l@eepurl.com,6pq8IEHZwwMU,518
atomasutti9m,ldecort9m@opensource.org,fzDcXrBdUXv,261
smourge9n,cizakoff9n@etsy.com,wMkQmdx,916
fkalkofen9o,babbets9o@auda.org.au,KjEAtN632SyP,156
fgarnham9p,aboseley9p@linkedin.com,PhL2lYtm7F,58
svenediktov9q,crushbury9q@mozilla.com,U1jQt93dW2ME,535
oclash9r,apetticrow9r@reuters.com,5VbJJIr8a1R9,709
bcassidy9s,thartil9s@elegantthemes.com,9jfrXSzKirVJ,786
rcurwen9t,gpeckett9t@amazon.de,sv7E5b,775
clattin9u,aseczyk9u@drupal.org,yeZcPZW5UKiK,324
jrennels9v,aosbidston9v@people.com.cn,7tXWI1cx6V,672
asugg9w,bsarsons9w@icq.com,qgdQouso,902
lcoghlin9x,hlorincz9x@nytimes.com,Z86PWzss,718
glandis9y,rdrust9y@sphinn.com,xg5G1F5B,185
mberk9z,tcornelius9z@marriott.com,DeBNagik,497
tguagea0,aglasscocka0@tripadvisor.com,Gr4Fxcc,350
mrichfielda1,pwillmotta1@nsw.gov.au,KBZLmS,913
cpearcehousea2,gnaglea2@businessweek.com,y6ARV3ji,949
ddengatea3,cruslina3@springer.com,lfVFQOq,291
swoolvetta4,jhagertya4@jimdo.com,u6e6My5,247
smacmakina5,grankinga5@about.com,V4XmVg89TdT,283
sgronwa6,ggeaneya6@constantcontact.com,g0qvfVT9AP,182
slygoea7,nrickcorda7@theatlantic.com,3siEbtPQdjk,806
lstilemana8,apycocka8@google.it,EorKU4DWj,679
divinsa9,dhardwicha9@w3.org,GYKU2D,883
pallgoodaa,trivelonaa@marketwatch.com,vQszKJro,474
kcrookstonab,mansteeab@eepurl.com,H7uuHpngAk,689
debourneac,vcampioneac@cbsnews.com,oMYvm05Sa9F,773
msedworthad,jvillagead@cbslocal.com,u6ODkA,299
pmiereae,rseakinae@ehow.com,zoPufoez,874
fhardbattleaf,rwaylenaf@noaa.gov,6jSxis5pDcG,559
jwhytockag,uegeag@squarespace.com,DFx7vN6sdXbV,948
bclemensah,mbrimelowah@yahoo.co.jp,0sVCqqvuDur,941
aboutflourai,bbernatai@edublogs.org,4kev0vKss,907
ldullinghamaj,aflamankaj@cpanel.net,hhAAd7SXJWVB,560
mflaubertak,egosenellak@unc.edu,Qn4f4uA6,502
vbiddulphal,blovelandal@arizona.edu,oNmTwXUF,402
umcphateam,schurchmanam@geocities.jp,1KCv1swmz,560
vbonnyan,bgaiteran@stumbleupon.com,ayD1XF,363
ewasonao,kmccrackemao@discovery.com,SbZJ5RaINCVg,935
pskarrap,mgilloolyap@list-manage.com,WJuO9Ou3ffb0,188
ealywinaq,klereaq@unc.edu,a3KIjKu4bJ,281
fkuhlmeyar,eladelar@free.fr,ujsTnYgJqT,920
gbudnikas,bmcconnalas@squidoo.com,0K5CyJ0suSS,109
ctayspellat,mdeeganat@qq.com,ZPhQtGfhGK5m,603
cgreepau,dstaresau@sina.com.cn,5FTRbNTTFV,757
mjimmisonav,clucianav@purevolume.com,1jmWgCx4Ylw,713
mbowermanaw,dbratchellaw@biglobe.ne.jp,u9ACQ3jW,544
bgreenfieldax,cknolesax@princeton.edu,lg43MpJEO,328
rocoskerryay,kzamboniniay@4shared.com,iJWkmmfYipU,656
mgrinishinaz,ccorkettaz@phpbb.com,aB9dq83AgkMW,624
hjillisb0,scorishb0@google.com.au,evCLob7uLON,926
dokeenanb1,onormadellb1@illinois.edu,VClJRE1nNUj,697
bmayesb2,nerbainb2@newyorker.com,K3eTAPfyM,469
pbidnallb3,amacgillreichb3@cloudflare.com,DldZhcp6S,816
bhalgarthb4,jhinchonb4@webmd.com,biNvcLWAb,832
adroganb5,alangwadeb5@usda.gov,K1E5gUr,273
sdannohlb6,hraxworthyb6@house.gov,smVHZ9CAC8z,584
akrienkeb7,lformillib7@jalbum.net,CXybRW1GmR,765
mdwellyb8,vbushnellb8@spiegel.de,OBLAIXB,751
akinneirb9,cachromovb9@sogou.com,cGDmtT95hI,60
chalworthba,amuddba@scientificamerican.com,StxsUY,243
ikernockebb,aballingerbb@51.la,vpxHtHo8u2dx,633
rheadlandbc,fsyalvesterbc@google.fr,EMVBafQTZG,191
rcardisbd,ddannettbd@umich.edu,ogrLUIWayQEm,211
ldillowaybe,delderfieldbe@slashdot.org,ASYgGi4fAVV,452
cdealybf,hzimmermeisterbf@gmpg.org,ZzZUjM,519
cclemensonbg,rbourcqbg@go.com,ZDLNOoO,936
wrylattbh,vdalrymplebh@google.co.uk,GouPMd2sbVA,141
ecabellbi,jfauschbi@indiatimes.com,ijCgDobHT7rW,440
agotmannbj,lbarbiebj@hc360.com,0XVrfdb6YQy,916
lflucksbk,lstourtonbk@engadget.com,aLuwjp6dFE9G,426
jbeurichbl,gsothebybl@cbsnews.com,RLyJlZQqHF,456
nmouanbm,mmccreaghbm@jugem.jp,EbTf8iz,752
olapishbn,aduchartbn@icio.us,fhMC9ZILUqw,314
eelcombbo,cmalenfantbo@skype.com,fFoeRiDSgW,874
pbarckebp,gseymerbp@marketwatch.com,wiTlrKYBB,146
ncropbq,eachesonbq@nyu.edu,DsAnFw4A,847
srekesbr,acastonbr@networksolutions.com,C3wLs9SP,49
cmcphillipsbs,ccudbertsonbs@cyberchimps.com,PH6Q9B,490
ealesbt,bmolandbt@loc.gov,NnJAkV,702
ctunnacliffebu,freadmanbu@reverbnation.com,LUzpKH4l,404
cfiltnessbv,hgarreltsbv@zimbio.com,QnqewTyZ5qIT,658
cparsandbw,jcardonbw@nba.com,J2aHlSsMX,879
mmuffordbx,olomasnybx@technorati.com,od3RZt9ELObD,58
rkeddieby,lgrasonby@mapquest.com,p7UC7t,643
npandeybz,lfortesquieubz@cnbc.com,ax6ZxTONdn,792
astreetleyc0,ldummiganc0@nyu.edu,mRX60NqylTo,490
abaversorc1,bcuthillc1@java.com,GChfT6c8,215
slefridgec2,adomnineyc2@blog.com,8Xuv51x58rzY,61
ccopync3,adeansc3@mashable.com,pHPPcdolZVc2,730
rbuckelc4,stizardc4@ucoz.com,EqdSL1ILXs,152
csawlc5,bchrestienc5@wired.com,lGXfl8s,384
kporrittc6,sleddyc6@canalblog.com,a7VQJB,784
mbellinic7,yhowiesonc7@altervista.org,N8rC0kE,342
jdrewetc8,alopesc8@cnbc.com,nSzWQy,378
ahevnerc9,ttenderc9@weebly.com,FBK5yElXuGmN,369
ntidboldca,zsutherbyca@networksolutions.com,uQs4an,693
jclucascb,jschoolcroftcb@google.com.hk,TusauK,661
dfountaincc,jhubycc@ed.gov,WzANl5H,677
isalvaticd,llowdercd@networkadvertising.org,weC5PW,704
lbarnewillece,nadamovce@feedburner.com,PWxcvUSdRMZ,806
gcuelcf,alightewoodcf@unc.edu,mcHEVqASk,129
tcharitycg,jrickaertcg@accuweather.com,knl8V3n8ESyc,805
mortsch,bkytleych@google.com.au,PIlZjmqnH32,848
kaingelci,jhatchci@netlog.com,burQuDh8dpL,681
jsanscj,bfosdikecj@nasa.gov,3csbBPdFMM,130
bsteenck,epowisck@slate.com,GkfTaUP,174
rmenendescl,ewhickmancl@example.com,7pfGsL,788
jcorrcm,rjuraszcm@yelp.com,NEB9WczQV,307
lnewbycn,dmeadmorecn@nps.gov,rOeuUcel6Q,700
owadleyco,arowesbyco@wix.com,MUYz3v3tA,390
hsetoncp,tcalbreathcp@taobao.com,tzV0QEJr6,575
dinnwoodcq,fdeerecq@google.com.br,xrP98fYzPu,250
rmackombcr,vheamuscr@microsoft.com,7pcrS7,701
usurmeyerscs,cjoplincs@blinklist.com,XplooQ,189
ajutsonct,igregersenct@statcounter.com,0XBk83YCiYAj,276
lskippencu,eoscallancu@techcrunch.com,j4wCo6,286
asanbrookcv,lpallistercv@blinklist.com,kbZx37uN0PS,766
cnormavillcw,pmacieiczykcw@dion.ne.jp,QHrgv6Ny,611
wjanuszcx,jcampionecx@technorati.com,Sxq5T42,300
etreskecy,adolecy@netlog.com,QBoVP7t,775
dsantorinicz,dbehnkecz@google.de,uir4i3tG,453
epeskettd0,aleased0@netvibes.com,4Jyd8kpkCq,684
rbutterworthd1,wtuffelld1@army.mil,MKvYRn7tckgt,785
jcorsellesd2,spetersond2@gnu.org,m6zroNpH,378
boventond3,utreamayned3@un.org,RGds1dplVWfT,839
mmcallesterd4,dsanchizd4@shutterfly.com,Vg19USct1,183
jandreuttid5,scored5@weibo.com,4DlJF4LQzxj,1
ldougherd6,lvaneevd6@jiathis.com,hv96m8dw2C0,148
lbraundd7,dfieldingd7@toplist.cz,TTYfjvPQ,158
slorend8,zormerodd8@google.nl,jcbo5P,875
tmosdelld9,pspadollinid9@goo.gl,2wyRS3Z5e,150
bogriffinda,bleppingwellda@soundcloud.com,aTrnfN7,205
mjacqueminetdb,jpetrudb@yale.edu,3X5V7ET2ae,22
srouthorndc,modomdc@latimes.com,wMonSpXxR,317
mcunniamdd,nabilowitzdd@theatlantic.com,gEYaXEXgNU,276
lruusade,dgovenlockde@devhub.com,21U8cD5EMI,294
etiffneydf,hpratchettdf@wikipedia.org,lAHzXx3Flw,905
bbreagandg,kfarlamdg@wiley.com,aUUBaEp,127
jcarefulldh,awhitlawdh@1688.com,9vE9aq5Xk,399
jmaywarddi,dbrayshawdi@linkedin.com,K0JVo8Z7,763
lagiusdj,lmatthisdj@paypal.com,nPqvYGLdJ,394
psapirdk,smuffettdk@etsy.com,K3OyvzH,577
lsimonittodl,coldknowedl@google.com.hk,vq7W61,269
dyosifovdm,sesilmondm@independent.co.uk,XtGWOEDM,297
cstrussdn,dalenindn@constantcontact.com,F5zsHx,773
bhuffdo,mramelotdo@irs.gov,bg3lAwLx,351
mgironedp,falkinsdp@clickbank.net,mQ2GjT5,552
nloftsdq,chullesdq@toplist.cz,HdXgWEdFF,303
tnenddr,jwitzdr@merriam-webster.com,xCxDEcUf,744
ppennazzids,eloudonds@google.cn,fJSGM3z,52
adrewelldt,nclaquedt@usda.gov,r9UtHQHE,875
nlambournedu,alangdaledu@imdb.com,dMOqbU,652
elorenzettidv,wharfleetdv@plala.or.jp,HjRDKtF,697
cingerithdw,efredianidw@walmart.com,yqkqIpm1ft,686
shaylesdx,agoridx@twitter.com,6KYDUs,662
tbollettidy,struluckdy@wix.com,lA3wvcO,152
dlovearddz,mwoodburnedz@google.co.uk,6SEjmWCh,830
amazzeoe0,bthrushe0@mtv.com,R6a3hXfhtg,2
agaskalle1,gautiee1@adobe.com,kabs2f,662
hfeldhorne2,bbehnene2@oakley.com,LePMGRM,816
srosenstengele3,mprattone3@nifty.com,alO13x,899
rexone4,smocquere4@newyorker.com,BLoLAXyX1,350
gromanskie5,bdutte5@google.fr,CpZs0HRieji2,145
saudleye6,bstrasee6@cbc.ca,ZKCQ663,22
rhiddsleye7,fdrinkele7@naver.com,TUJIjn17Dv,197
cmakine8,jronalde8@squidoo.com,I7uMsL4I,795
hlorkine9,mchampnisse9@godaddy.com,ANMo7eW,141
gingleyea,azoellnerea@google.nl,nMm7reR,927
lfindereb,istringmaneb@wiley.com,GlMfvzQQf,160
brickasseec,dculveyec@ucla.edu,twtrLAxGGa,596
kkleinmintzed,tgroveed@reverbnation.com,GhbJ98RlQp,187
twissonee,akirknessee@foxnews.com,ee1FBKJYAS,318
pbierlingef,jjouanninef@icq.com,ZVpPWEkJX,803
lhavenhandeg,hfahyeg@tinypic.com,lhvFGsFs3O,942
deasbyeh,thalsalleh@google.ru,v2QftO4z,704
rrivalei,sborelandei@java.com,8ptepbtI,548
kcluelowej,kleviej@dedecms.com,jxkSVhgf,717
ecasottiek,wmackenek@sphinn.com,3Bq29hba,823
rlauridsenel,cbarkeel@sogou.com,Rkdqt3SlFfi,727
gpickervanceem,acableem@techcrunch.com,kesCQfG2Ph,173
jgillogleyen,nturgooseen@1und1.de,bb991En,35
bmelmareo,ddoggerelleo@europa.eu,zOJhVpggr,181
jbilbeyep,fkoeppeep@chronoengine.com,9xLhpjR9bbn,435
jmoorseq,jmonelleeq@ucsd.edu,isBD5Pc4Cz5,547
mklaassenser,zfurberer@surveymonkey.com,S7L2sR4jzhmu,472
jfirbankses,smaithes@oracle.com,dhMTKEAZHO3,335
hcouveet,msarjeantet@sourceforge.net,ALPi08Gx6,886
cbollameu,lgumlyeu@ibm.com,thalVu40ZNs,277
npybworthev,sgorrickev@flavors.me,9SdEKZR6NkvE,195
cgreenalfew,dduellew@omniture.com,k1MiQJrsr7H8,465
svigarex,noaksex@examiner.com,PlVGpl5nPt8p,408
ogronoweey,mdresseley@npr.org,X0z7GXQ1hn,194
lweekez,cmalterez@cbslocal.com,KiDaU09YwIe,631
bgreallyf0,pcasettaf0@ucoz.com,tMYW1AsvCSwd,160
awoolgerf1,lgarradf1@home.pl,9nKmaM,467
ahousbief2,cyarnf2@sphinn.com,HJA0XoE47l,924
fcolliholef3,lmantrippf3@tuttocitta.it,LhlCZ0HjI,828
cciottoif4,mfilipiakf4@ed.gov,khQ8CBFem,559
mbelliardf5,lbarribalf5@miibeian.gov.cn,UjnTyBzZ,651
anoellf6,btschiraschef6@berkeley.edu,GGZLkIdaZ,198
sjakof7,fhrynczykf7@cornell.edu,FgCXbPH,287
cpimerickf8,ddunlopf8@bbc.co.uk,hOu4vaNt,118
abrutef9,fjannyf9@wsj.com,1FZJdfNTH74,895
adodworthfa,bspriggfa@google.ca,SNcCiops0uE,392
rbaniardfb,cleatherfb@cafepress.com,lUNKW5fo7,722
pbraunfeldfc,jpressleefc@omniture.com,4JATWte,625
gschukertfd,rohanessianfd@lulu.com,pW5Ibmd4Qd,11
ksandellfe,hbeausangfe@rediff.com,TIXrrlgz4,62
jingletonff,ralesbrookff@squidoo.com,ZTwX69p8c,23
cblucherfg,mkleinstubfg@live.com,HRRxlls,473
bpeyntuefh,fmaudefh@163.com,2bjV1e9,782
mpendreighfi,cellitfi@php.net,tGSIbiUg,688
jguagefj,aharwinfj@pbs.org,ms0L68iBJ,43
fkenninghamfk,jmcpakefk@yolasite.com,SIbnKjTzXJ9,76
elydfordfl,lyushinfl@squarespace.com,hP7UOnv,206
rkemeryfm,nbindleyfm@google.nl,LmVKTHmIQ,879
mchattockfn,bhempshallfn@geocities.com,fvGDA0tY3zbI,626
ikirvellfo,jarisfo@pbs.org,UHWKR7cXiGM,345
amurgatroydfp,bwestbrookfp@cbslocal.com,tOZHz7JP7Y,455
bjammetfq,bmorrisonfq@lulu.com,tgoP8UH4qU,735
cprodrickfr,ccastaignetfr@quantcast.com,J6MPUdy,30
gbevensfs,kbalazotfs@cnbc.com,Eq8ve0SPJaxL,86
crochfordft,gillsleyft@surveymonkey.com,dYGLCT0,184
jjanicekfu,ppennuzzifu@yale.edu,vsz2Tuxnm,810
flardgefv,cmantlefv@forbes.com,IDssxOHG,323
cgatchellfw,emarmyonfw@typepad.com,L3ynDmWr,739
sgivefx,msufffx@cargocollective.com,Nw5glh,118
crowlingfy,hboggersfy@twitter.com,LXbQ6Yx,860
abastardfz,nsesonfz@berkeley.edu,TMdElMJPqZ,128
hprideg0,batchesong0@chron.com,92Jl9LENSvX,292
menstong1,bnootg1@vk.com,dfAgk8RtfHk,946
bwethg2,ethorouggoodg2@oaic.gov.au,F6u04Kd,247
abyrdg3,hpoulstong3@wikimedia.org,1PV1o7t9i3,791
clownsbroughg4,fmcbayneg4@gravatar.com,5Abdm9,310
mcaudrelierg5,adenzilowg5@zdnet.com,0I4jKv2wo7p,15
jskirveng6,hfernezg6@cnn.com,bvlcGoddZ,890
acrecyg7,ledging7@last.fm,pVqoWGye,401
pkinnachg8,glohdeg8@addthis.com,QAD8Vsv14v,155
adelortg9,adunkerlyg9@chronoengine.com,AFwImEszdikL,694
sgeroldga,craeburnga@paypal.com,T4DIM8R,211
fprudencegb,tswiersgb@networkadvertising.org,zTeXgNvHmyk0,63
kmilnegc,iminchellagc@google.com,o67RrvKvnk,735
pfewgd,rgaffongd@google.it,wH5vrUngmLsu,334
iwhitchurchge,jreillyge@google.de,C09cIKQ,564
ahugogf,lidendengf@ebay.com,B4RTtwYBQkb6,734
nkemmisgg,cabbatinigg@rambler.ru,nQQRqMIen2,361
bshilburnegh,ejiruchgh@auda.org.au,Sgt3Vw1,50
apadberygi,ydaviddigi@google.co.jp,9NDHYWFQtM,267
vmcdavidgj,kcannicottgj@addthis.com,ftsYWRn26C,346
atompkinsgk,egilkesgk@foxnews.com,C8Disd0RYp,576
aduchantgl,lperreegl@wikipedia.org,OVICFvEg5s0,824
sbirthgm,asharkgm@netlog.com,PnM1bJTL,699
ggubbingn,jpursegn@paginegialle.it,x28HzkQXOV,672
wheffrongo,ltrewgo@msn.com,kUhpFF7s,445
slarkinggp,dschottligp@nydailynews.com,n86u9K6pM6s,814
ltrevergq,gdixgq@soundcloud.com,24ve7kp,500
dcastagnegr,bmarusicgr@addtoany.com,ffabeJs,585
alodekegs,fsmithsgs@ask.com,ozDx8OOlGl2,654
ldenneygt,gmckoygt@newsvine.com,WnZOZ8Z,888
pmulroygu,jevennettgu@shutterfly.com,klyPg7r0zy,371
jlindstedtgv,dmcclarygv@msu.edu,yXQ5DnDIqm,915
zfountaingw,sbrooktongw@ustream.tv,kE4w3S,777
fwaightgx,ftankusgx@comcast.net,UiUl16s,329
mhegggy,ggasquoinegy@blogtalkradio.com,qMJAqZ,167
amordegz,hbrevetorgz@theatlantic.com,csIPVeH5,589
tmckieh0,fblackmoorh0@bloglovin.com,3Z5UmER,447
ecochernh1,jisach1@aol.com,7YKAnob,127
npawseyh2,hbartlomiejczykh2@exblog.jp,Dyl0cXl7nC7,32
alookerh3,rcharkerh3@typepad.com,kHeu7a,678
alashbrookh4,thubbleh4@liveinternet.ru,fcLgNMdTk,632
adaintyh5,dstpaulh5@flickr.com,KKOlfr7Mu,546
ghardyh6,wkarlowiczh6@google.co.uk,Rr2VpdyE3B,890
ehillandh7,nbenzah7@jalbum.net,THW9IgtfXWAo,736
dborellh8,lmilnesh8@bing.com,EswRYWA5qPm,915
iguyverh9,cpeploeh9@sohu.com,iUEc2q,786
fchessilha,lrobathamha@cbc.ca,SG7z5P,538
rlawlanhb,pmccleanhb@noaa.gov,4BOWs2YD73K,76
hkrughc,fdronhc@princeton.edu,tFOMDLhkKtQ,604
rmaharryhd,theistermannhd@artisteer.com,kYvzJya7PA,696
sibellhe,bweekshe@jimdo.com,i0RAhFsO,559
ndenchhf,mcruikshankhf@opera.com,5KDkzcDAT,665
aroullierhg,mshaperohg@arstechnica.com,0tOVIBRws,362
carcasehh,thugnethh@joomla.org,holibNv7,234
bethersonhi,emundlehi@linkedin.com,4MS3UKFe,904
weakleehj,cobroganehj@nih.gov,9epwAOK2u,326
beccleshk,cjanatahk@admin.ch,qe7lkfrER,659
smcginnishl,mschadehl@jiathis.com,mnA0LSsUA,334
mcreboehm,mlannenhm@ibm.com,81IqkfdTE6,475
vnettlehn,hpostianshn@dailymotion.com,N3H8WIjLtKxh,316
jcrispho,emoorrudho@hc360.com,24jcvYo,668
rfirpohp,gcooplandhp@va.gov,6CYeNIrWww,532
tmerriganshq,lblundonhq@bbb.org,KDCgKHbq2tLH,491
tconibearhr,hoverhr@diigo.com,Pxcr8FdYDkt,765
nbottelstonehs,mdavidovitzhs@fda.gov,5BTMZU,280
lsaundercockht,rdemongeotht@house.gov,4R3aIy,370
mocarrolhu,bciccottihu@nih.gov,CMMs4cyImV,895
arollinghv,cusherhv@nps.gov,ct7HQ8XX,888
lgosnayhw,dcohrhw@plala.or.jp,xdpCIz1UuAJd,382
mrichterhx,bwadhamhx@printfriendly.com,WCkJWJXC,735
esearjeanthy,gkilleleahy@jimdo.com,ClzafAK35SY,43
kclifthz,ddomanskihz@opera.com,rvgvfHLeWmIK,292
apowriei0,pstoaksi0@weather.com,qO7NxLJIuy,41
cnottingami1,ralhirsii1@cnet.com,RNxwbMSCT,863
hdyasi2,jcussonsi2@edublogs.org,8LxMsyipfl,615
ptimmesi3,pcardewi3@plala.or.jp,9Hv4s4crF,531
sbuckenhilli4,rthali4@cnet.com,gTDRuTR,614
bjoulei5,lconnachani5@whitehouse.gov,gSjBiIS,328
htighti6,cballefanti6@mayoclinic.com,sq6E3qxfwcD,586
awinspari7,cwoehleri7@joomla.org,6zhHn7W7,792
vcouplandi8,jboneri8@cbc.ca,gUT7xg,336
bgaskelli9,ivolkei9@4shared.com,GsU2i2His,246
veloyia,jharbottleia@blog.com,XyyHs32,837
jaimsonib,ngrebertib@elpais.com,a1XGpdxJo,582
lbourgourdic,ehaskayneic@yolasite.com,NLQmOas,474
sbartoleynid,aprangleyid@desdev.cn,e12hBq2NFI,835
oforestelie,wgiddensie@vimeo.com,OxkZbJ,138
alopeif,fteasif@techcrunch.com,U4Q0fT,59
ctrubshaweig,emcgallig@usa.gov,etOlZy5YGO,788
gkeemarih,lswireih@mashable.com,zN7oKbOkdH,184
phayhurstii,ehaylerii@exblog.jp,rKaQ82lwjOT,606
vruckmanij,loleksiakij@qq.com,d3iwaY,228
rribaik,cvanderveldenik@oracle.com,SaeRCRe4,761
tarminil,cdeavinil@nature.com,f36cBWUsJL,68
cpenniallim,ftieraneyim@taobao.com,xFOS3ALj,245
hworsnipin,syarntonin@ca.gov,2TickPh4GE,762
ksarllio,cgregorio@bloglovin.com,J9Vy0PnOS,706
mmcmurrughip,ybladenip@nytimes.com,bGouLpoGGerk,301
dthirlawayiq,rpetyakoviq@trellian.com,RgOERiSU,713
rattewillir,pviccarsir@google.co.uk,SaZGvK8Q,119
liddyis,kmantleis@jiathis.com,CgFT3b,472
bchopyit,cruprichit@live.com,RXBIGVD,737
emilesapiu,fhaslamiu@prlog.org,WHhoXjp,234
tnergeriv,mlintoniv@businesswire.com,cjEsrsq,107
avalentiiw,cleprovostiw@bandcamp.com,up6iKgnF,648
myegorchenkovix,fwalentaix@chron.com,XSRItqPm3z,11
lpeasbyiy,ocasesiy@rediff.com,9Bb4DAO,52
vpampliniz,kcossansiz@vinaora.com,4pahP0LBGhxl,782
glutenj0,glevingsj0@globo.com,HijTFrl,122
tsherelj1,rlongdonj1@behance.net,sZ5Whtm,650
acunnahj2,csinkinsonj2@va.gov,f8lXJ5fYbj,372
gcloneyj3,jdowerj3@blogtalkradio.com,gZE3uI3MdsSG,334
ndarcoj4,obretlandj4@mapquest.com,OIs4sjX4aX5,572
agrindlayj5,rhosierj5@archive.org,DHeHr9,469
ptynewellj6,hduinkerkj6@a8.net,CgmHlmr2iv,169
jjanawayj7,apiserj7@parallels.com,08cu0bZyirF,795
mburwinj8,bmartenj8@topsy.com,XSkF9il,79
grametj9,lsolomonj9@psu.edu,gUsnLeEL,547
pdesaurja,fbabbsja@stanford.edu,ofDvGEaA,392
swestreyjb,rjanaudjb@qq.com,v74eWMwcJ,720
khazeldenejc,ekapelhofjc@google.es,nreeTMsObBHP,679
rfalljd,acowlinjd@princeton.edu,D00JBMS9wCMr,445
gbednellje,fdallaje@nhs.uk,5EmdtYWvP8h,180
honionjf,cpechtjf@uiuc.edu,LXeLcv,73
dcottilljg,mhalkyardjg@jugem.jp,vslvgYjbVlH,455
mjacquesjh,sgauvinjh@gmpg.org,fd3cbXUzr,284
bdunkersleyji,epostlethwaiteji@delicious.com,n1qmKD4l8QOT,411
obraycottonjj,gskellonjj@irs.gov,Ivasas,908
awilmorejk,egazejk@pbs.org,FWc3Fd8,154
wsirljl,aocheltreejl@etsy.com,peldImJrG0,526
gplanksjm,kgodselljm@statcounter.com,18kCfnjzM,779
mcrainejn,mdumsdayjn@a8.net,KIehzw7D2ua,630
rdurnfordjo,idineenjo@dropbox.com,5psdfEBIf,861
hbehneckenjp,gisakowiczjp@narod.ru,GKtctovIy,920
aocorrenjq,thuggonjq@nasa.gov,Qu1aXj6,932
dsheddenjr,jgimsonjr@seattletimes.com,tQXVW2vdx,708
atinhamjs,gdradeyjs@sbwire.com,gOrUwSsH,182
diacobinijt,faikmanjt@networksolutions.com,88wNaVmtl,128
rachesonju,pmarchentju@jimdo.com,7a4OUI,4
jdeackesjv,twarnejv@wordpress.com,7wLsUcyFdHLQ,796
drojajw,ejeanneljw@fc2.com,rQznK9fZq,250
tstainsbyjx,cnormanvilljx@squarespace.com,1iNsxYd,947
lfeaversjy,veykelboschjy@wunderground.com,flvX1ry5,862
backredjz,ewestelljz@mapquest.com,uL8ncsSF,435
lambrogellik0,aascroftek0@imdb.com,EyRNnsqRGc,645
smallebonek1,mricketsk1@twitpic.com,oQZTq6,151
lshortink2,smuffk2@mac.com,mQ7hxvK,161
echetwink3,citzchakik3@about.com,yymbCRgo,548
shunsworthk4,nbertrandk4@prnewswire.com,s3LnjNw24,928
hbulfordk5,rpiscok5@independent.co.uk,5N8Bxu,97
djirieckk6,cczaplek6@bbc.co.uk,by2GG9Irb,375
cchitterk7,cgerberk7@cdc.gov,LcDIhGyo,377
cbauldryk8,vboustredk8@icio.us,75kJ9khOpYL,365
tprivostk9,fjerremsk9@amazon.co.jp,v2zMTF2nGFlx,446
kodooleyka,avampouilleka@youtube.com,6gc2u6yeKl,78
sfinankb,oeskriggkb@hud.gov,CjFeZYD,180
dsielykc,ndannehlkc@over-blog.com,CvYRrNjXYqdN,4
gneathwaykd,ikeetchkd@wsj.com,TQNrAc,529
plearoydke,cbynertke@ovh.net,DGxr70ELuh,222
opieronikf,jbeckfordkf@howstuffworks.com,I69pwqo,89
cputmankg,kimpettkg@soundcloud.com,roXcSr,242
wmurrillkh,xstroobandkh@addthis.com,g7BQLkJiYML,924
aantcliffeki,adederickki@qq.com,xgkdAPoLvwN1,876
mfrankhamkj,iwhitebreadkj@scientificamerican.com,dZuPlH,653
smccombekk,lgravestonkk@woothemes.com,xqd3jsVXcY81,6
yarmellkl,jcawtekl@t.co,vcsAlVkpfEOu,885
ctinmankm,dkenealykm@ft.com,0fCXNKhYFW,907
mlinfootkn,sweedkn@is.gd,1r59GYYgN4,163
hrichardsko,hforemanko@macromedia.com,9kw0WMzB3vTG,292
lroyankp,mdaunceykp@cbc.ca,t0OnSs,842
amaccathaykq,dpoteskq@booking.com,Z6UNgxP8y,489
llithcowkr,emecokr@mapy.cz,vnxH8AKE,688
cenrdigoks,cduftonks@ezinearticles.com,Y1OTHcJbLIt,511
thallfordkt,rspellmankt@fotki.com,7mqAO3,651
cjennickku,tmytonku@amazonaws.com,chnhmzXzgP,784
phamonkv,mjamarykv@who.int,BoQrUx1,666
votimonykw,ggiannassikw@home.pl,lEP3i7zTEr,883
wcrampseykx,bhawardenkx@mysql.com,GzwxZjTfv1,836
ebeartupky,asavaryky@elegantthemes.com,9glZDo,744
sjorikz,rhalegarthkz@netscape.com,2fjrSBD,278
bgarrishl0,kturviel0@time.com,RxAanPbBB,128
bgooddiel1,hvassl1@fastcompany.com,D7NBNst,204
dshinefieldl2,mdoumerl2@tinyurl.com,7NGjhPsZZ,224
smacmichaell3,mgoshawkl3@360.cn,5XR9t76,923
sspenclayl4,emacdonnelll4@amazonaws.com,I0WAVUT3t1s9,893
rmilksopl5,kphillinsl5@webs.com,wEUXzgEqvnS,356
afiddymontl6,gjedrykal6@example.com,szOWtre,28
remsleyl7,ikitleel7@yelp.com,ETjWKpUasw,82
eparringtonl8,rhastiel8@sogou.com,mHPrR8Co2,833
kpicardol9,kshobbrookl9@umich.edu,csePbHUU,212
mantramla,lrenolsla@go.com,bweJD7Zl,784
mpeskettlb,agodbaldlb@webnode.com,8qRce0Yf1dG6,122
kkwieklc,mliccardilc@accuweather.com,TlNQGtL,313
jdeperold,wblantld@foxnews.com,a9LGtdVs6D,402
ntapleyle,bmcraele@g.co,Cnu7v9NYyF,896
abeckettlf,pdonoherlf@is.gd,CAcxmfVIbEyf,207
gdimeloelg,afaradaylg@dailymotion.com,o6B3yh,767
mwinskilllh,adelonglh@cloudflare.com,M8Y2UY,729
ecolebornli,ajanczewskili@wix.com,ZZ2EWFL6BQI,480
eobornelj,worrolj@aol.com,C6enqn,233
nlarratlk,brushfordlk@barnesandnoble.com,66AXPW6hRgVN,528
cbramleyll,jcalenderll@jigsy.com,TAfejOqXy,198
mskellenlm,oberridgelm@gravatar.com,xaSgdE,288
crozalskiln,lledgardln@1und1.de,cvLk2Bs,340
btimewelllo,wtiplinglo@tuttocitta.it,adSqdSw,416
mnarrawaylp,reilerslp@umn.edu,imy1JisE7dIv,460
rbrazearlq,iiddonslq@ucsd.edu,mUDUPwFClmcj,176
qdedericklr,bsterrylr@newsvine.com,ppugEJBkv,134
gfranels,xpiserls@amazon.co.jp,pgfUKebtzIh,662
eposkittlt,gpondelt@aboutads.info,Pm0Qo9vmj,793
talldenlu,dcurrylu@dedecms.com,xDdm41,679
awatsonbrownlv,dhunsworthlv@patch.com,ufOoaSwEA0a,316
dthurbylw,istridelw@amazon.co.jp,3P69tu,572
bjewsterlx,rlygolx@jugem.jp,b3YXf6T3S,878
bebunoluwaly,jwilbyly@engadget.com,JRQl1wRp9,725
bbarthropplz,gmcmurrughlz@nba.com,ZXQjk5y9mdt,70
evermam0,dallsuppm0@chicagotribune.com,97Ja6b28hQ4C,608
fmellenbym1,pleadstonem1@shutterfly.com,vMmhtMh,606
bdallistonm2,nhannahm2@devhub.com,HPO32vsB,139
ssquelchm3,clinsleym3@wiley.com,2ai2yo8,254
ftuleym4,tluckingsm4@howstuffworks.com,6HqQ6g0x1WQ,150
amansourm5,bmendezm5@mail.ru,qKAHko,648
khuitsonm6,bojedam6@hostgator.com,Penn6H3MTy,194
jgurgem7,syakobowitchm7@infoseek.co.jp,nSQiIhHbB4,211
aquidenhamm8,fseczykm8@wufoo.com,eN2KHAIqvyY2,944
crosenblumm9,gcrowtherm9@dion.ne.jp,cj3d2u,690
tgreghma,btraylenma@yale.edu,5p00bCNSDYA,275
smurtymb,mgerglermb@hibu.com,k1M2fckZMp,406
iedelheitmc,afriedmanmc@t-online.de,3p8nqY8MR,133
propkinsmd,mmagauranmd@webnode.com,AAICQVuUcl,561
bdevoyme,dthezeme@sun.com,tHD5CPELAHss,263
tgoodyearmf,romondmf@1688.com,FH6a4IeV,484
cgwinnmg,kpaffettmg@nyu.edu,0WDA1p9CtjWp,936
rtoyemh,ncocklinmh@arizona.edu,cwasDz4mlHH,651
cdrewcliftonmi,kchambersmi@sphinn.com,uJKoDlp,171
scrichleymj,chedinmj@census.gov,3qNDJ20i3,684
ftabrettmk,njohannmk@imageshack.us,RdgqTuWR4qa,453
wpenhaligonml,hseatonml@cbsnews.com,UQFYrzhR0kud,140
kkelleymm,adopplermm@xing.com,3Tm6wSa,467
osintonmn,hstollenhofmn@t.co,l05OOl,459
imariaudmo,oastillmo@nyu.edu,SAbc7P5ABf0,592
rbedboromp,astanfieldmp@tripadvisor.com,pqpWKe,480
nsteenmq,egreatrakesmq@prnewswire.com,k9167Zls2awl,399
cfearickmr,nizakofmr@zimbio.com,LdJseV6hb4,135
kgustickems,tstanlickms@quantcast.com,Smu6tS,691
hjacquemetmt,msaterweytemt@oracle.com,nBJfmSA5,316
kvergomu,bchaplynmu@ezinearticles.com,4Dj9UUP,430
tfostersmithmv,trastrickmv@1688.com,z90pCyJ,253
hweatherleymw,mlownesmw@harvard.edu,76MQTqbf,688
pstrongitharmmx,afacchinimx@nhs.uk,6sXm4k14HlS,185
eputtanmy,mlochmy@cbsnews.com,tZt355QUgOGc,31
jdurwardmz,tforcemz@surveymonkey.com,q5kCr1Rfk01S,383
lmogridgen0,fleckeyn0@google.com.br,wktLatqqYuz,597
dondrasekn1,ttantrumn1@princeton.edu,4zXIBgCl,313
lmcgluen2,nbuchettn2@cbslocal.com,MxY6E3REM,42
rhoflern3,bfinleyn3@hao123.com,X1kc2buM6ImS,913
jbesantn4,bcattonn4@answers.com,VZoRo9423,219
kfullertonn5,ahughesn5@constantcontact.com,VjG4eH3QN,9
nthorndycraftn6,mphlippin6@apache.org,agd85jj2syx,588
agosdenn7,arubinsaftn7@exblog.jp,zQWs33iJ9o,317
dwhitbyn8,frickcordn8@surveymonkey.com,REt329IB,192
ksiern9,dsellyn9@discovery.com,ucBhkcnWw,239
aclemensenna,fwardhawna@icq.com,2oH3mmJIn,314
dbasekenb,wiacovaccionb@baidu.com,RySxldGDkeCF,269
kbogartnc,isercombenc@slashdot.org,AteM3V,99
cgriffinnd,etomaskovnd@cnbc.com,HSxOsSd,245
gheamne,dbillettne@accuweather.com,zvPjWE3rq95W,58
cjeniknf,snastnf@soup.io,cl0FVF7b2x,547
aparramoreng,jgadaudng@acquirethisname.com,EMjfH0i,262
soharanh,rclapshawnh@tmall.com,v6hRxyDs,529
hkitchenmanni,tworviellni@wix.com,NWfh8n,3
rbaldcocknj,gnilgesnj@wufoo.com,92z7afR,110
rjanuszkiewicznk,bokennynk@blogs.com,YJvdTr,444
aterbruggennl,pdamrellnl@mlb.com,uI6q4Hf,950
acasbonnm,gwimpnm@meetup.com,2w1ZmO6tpPV,408
kjurynn,jhenrychnn@ocn.ne.jp,GH4OAo,6
blawlerno,nwhiteselno@webnode.com,icTD3IqdmVA6,383
fcanetnp,lmcgowrannp@digg.com,SwCh5KkwcS,764
kmckiernannq,mselwaynq@wordpress.org,9OQDM22aQI,159
orainsdonnr,ebassonnr@ebay.co.uk,6g4yTXBQ2lG,414
nblondellns,amalimns@creativecommons.org,5KEo9Mv5,818
opriddisnt,sstolbergnt@slate.com,OAf3sk1,284
mjedrzejewskynu,mmoxsomnu@homestead.com,cuyCzi,944
sgirtinnv,zlotsnv@wikispaces.com,I9zzbOO,457
jmaccallesternw,rgowrichnw@marriott.com,QPERx7J0qxi,897
wcarisnx,idanieliannx@altervista.org,lubod0IvkA0,268
rrichardonny,tneggrininy@loc.gov,PZYtyphZ,79
ldaveleynz,xgrayhamnz@example.com,o9dR3Gcvdsm,275
aharpuro0,ovaheyo0@ucoz.ru,1NRPQpjU3pdP,106
mdimberlineo1,kcorderoyo1@mozilla.org,xbfw81,880
ltregusto2,tughinio2@histats.com,l14yVCH3Z,831
jdevaneyo3,mbransbyo3@ezinearticles.com,9dDQ6efvs,650
kpetrovico4,ljouhandeauo4@nytimes.com,u6CnXy,884
jmccrumo5,dmathelino5@amazonaws.com,070MGV9011Fb,45
vmcdaido6,dmineto6@unblog.fr,B3HngcYNk,642
cseeryo7,gwiddockso7@indiatimes.com,nNx7n0yrZrp,589
bhutleyo8,mchataigniero8@paypal.com,VaQmpvC,233
hshovelbottomo9,bdoddingo9@simplemachines.org,lJrCET,746
nlabbetoa,gmackinnonoa@springer.com,w3oXX4vsQQ,690
cbattesonob,rphythienob@mayoclinic.com,g9eW4KzoS,105
jflippinioc,gwrightimoc@naver.com,UeoU0f5P,211
dpundod,sbeneyod@mail.ru,HXCbbOEPAX,805
lhumeoe,lboareroe@patch.com,FKaGNmwrxP,719
cworgenof,cdebankeof@reference.com,jlkLdbK,95
horrog,smcmichanog@yolasite.com,BaVQ7hg,60
sdovidaitisoh,ikeareyoh@wix.com,dvNR2M,672
mlongstaffoi,mcraythornoi@technorati.com,MfJSYSD,907
bwippermannoj,leilhersenoj@guardian.co.uk,iRBY70,737
zaldersok,bsigginsok@senate.gov,fCLRzXKml8oQ,174
wkestertonol,sgairdnerol@tumblr.com,PgrI9pO,784
fluisettiom,otomeom@vkontakte.ru,PGFQknzVFf,764
mezzleon,kskoughon@typepad.com,nwdpTRJ9N,342
awillockoo,bdoyleoo@google.com.hk,ykDG7iIGFxe,796
scaultonop,gpinchop@moonfruit.com,jPGqbRE36,722
htotmanoq,gdaryoq@purevolume.com,qGI7LyNKB,932
astaggeor,rhollyardor@reuters.com,06HVNJLDdtLF,587
mperettos,kbuckbyos@bandcamp.com,dSwJvPkx0e1U,297
seltot,egrimmertot@yahoo.com,ERs2lI7VbjW,883
bmalinou,ckhidrou@princeton.edu,n278lZ,513
nwintersgillov,acowlamov@myspace.com,e8LapC2eQ1,277
bhurdwellow,relcottow@lulu.com,N6HAF4hVf64g,504
jviccarsox,koreheadox@reuters.com,CiaUpT,418
amcterrellyoy,mephsonoy@google.fr,iW06q4SU,58
phartwelloz,rbentsenoz@icio.us,VeD5VnvDZ,159
gholehousep0,swaywellp0@newsvine.com,Pd9JqbpSID2g,10
lrobynsp1,bsmithemanp1@de.vu,zXT0TmAgCd,870
tdongallp2,scansdillp2@ezinearticles.com,bd5wF4yqORC,368
csimoncellop3,oasbreyp3@berkeley.edu,RfnZDby,253
bmcgroartyp4,mcullenp4@ucoz.com,G1yu0XH,809
vpickerinp5,kkowalikp5@youku.com,CXEWHYsYzOuB,861
sratteryp6,azannelip6@smugmug.com,N2tLJwFRP5,877
brizzillop7,tthwaitep7@over-blog.com,yJD6PyrE,913
nwilsherp8,efeldererp8@narod.ru,TzRoCvJ,374
ameddickp9,mseedhousep9@nih.gov,jSzFeQV,708
tnormandalepa,tochterlonypa@simplemachines.org,9PD62636,596
mbabingtonpb,cbaughampb@vistaprint.com,Qmarcsgjswaq,284
bfittispc,dhowmanpc@blog.com,SBIzzdB,524
climeburnerpd,bportigallpd@canalblog.com,bKd8aic0nzM,319
klegrovepe,njojicpe@amazon.co.jp,93zRTFxp8N,681
bleadspf,rblaksleypf@infoseek.co.jp,27DORCbi,283
sidillpg,mschaperopg@hubpages.com,J4NQI0J074n,135
dslaffordph,bcolerickph@t-online.de,Z2418s9,66
dtroddpi,hpittempi@businessweek.com,Bzb7AN5,118
crennickpj,khalltpj@nydailynews.com,iHSG42swo,937
cfladepk,rcinnamondpk@bbc.co.uk,108fnmbsEA,287
umoxsonpl,lprawlepl@mozilla.org,OSy5OlgTAN1q,148
mparisspm,pducketpm@disqus.com,CQQCRvr,554
pschurigpn,bbunsonpn@oakley.com,Mcp6dR,711
wrytonpo,shuychepo@newyorker.com,JunHNRSUgk,198
dlydiatepp,ahullbrookpp@shop-pro.jp,ydbR05uyz2v,227
arimmerpq,dillwellpq@huffingtonpost.com,wj6uGcCv,80
pshermepr,tfustpr@lulu.com,Gk5mCTspoLc,690
gerikps,jdollingps@redcross.org,HGl4TbH,582
jgrowcockpt,ascottesmoorpt@toplist.cz,EZHmD1GFoiD,492
pjurewiczpu,sobertpu@sogou.com,qM5TFlymu,497
rchampv,sdroghanpv@kickstarter.com,uLLVBuynLn,516
lshillitoepw,wgarfirthpw@de.vu,6vO0ACzNC9z,698
amaffiapx,mspriggenpx@house.gov,5jlk1bk83Btp,426
rhearndenpy,ademangeotpy@dell.com,4xGHI2JT,620
cpedlowpz,swalderpz@disqus.com,ULO6Dr,164
stesdaleq0,dsandryq0@guardian.co.uk,OCqh60q11p3,375
shattq1,gottleyq1@fotki.com,iFVXRhBii,886
tpeopleq2,nchatwoodq2@moonfruit.com,FFK6Xx4C,9
akleuerq3,fconsadineq3@mlb.com,uWZEgM8EDkg4,948
araubenheimersq4,chadcockq4@europa.eu,wIpMvRH,221
ileggatq5,ddumbrellq5@sakura.ne.jp,NcXpAvlA4e7I,835
earentq6,aprembleq6@sfgate.com,AiOLgkmfBFQY,375
fclimarq7,bcolvillq7@ovh.net,ydOkOZH,806
makeherstq8,ppaintenq8@hibu.com,zgkaq7fVU7,28
tkenforthq9,vfearneyq9@wsj.com,VsqJl4c,780
crosencrantzqa,ebechleyqa@vkontakte.ru,3WDNx3B,884
galdusqb,mcudbirdqb@friendfeed.com,tt4H4c,59
jdumperqc,emauldenqc@is.gd,K4NMzGyX,659
msutterfieldqd,cvedeshkinqd@gravatar.com,2MPBXTKm,881
